,Y,T,C
0,0.6519406796252879,0.0,-1.1284132968886271
1,5.960049835834557,1.0,1.4577476404146237
2,0.27485974371715716,0.0,1.1819332847974826
3,3.4179845233652273,1.0,1.842893064055962
4,4.5884336274752755,1.0,-0.4567285196469261
5,4.136243462449278,1.0,-0.8550137308628154
6,5.800640199368548,1.0,1.096499664581532
7,-1.350868707156945,0.0,-0.6418872717930818
8,2.1626132626814587,0.0,1.7569545593606988
9,0.2296963548728873,0.0,0.9973834576346446
10,4.72954084070103,1.0,1.1454088193056196
11,-1.5184534291650262,0.0,-0.9120819637060888
12,0.03427802535901604,0.0,-0.1042302415774958
13,0.09361803560962942,0.0,0.003835213814263709
14,3.131187498631249,1.0,-0.41204190774495464
15,3.4026480491740623,1.0,-1.1319855955479503
16,0.5238363617891908,0.0,0.8656078094816243
17,4.883315765057819,1.0,-0.7616888958368341
18,3.147567171672732,1.0,-0.6617209539441281
19,-0.8610234868120185,0.0,0.05027376425602584
20,-0.45840923240974984,0.0,-1.3176800887082252
21,2.861248921846151,0.0,1.4040402628743294
22,-1.049657483731459,0.0,1.0927068523203656
23,2.838832390554251,1.0,0.2878456597553324
24,0.73098998298659,0.0,0.6726245709304319
25,2.1836306955246103,0.0,2.168059650254976
26,3.2092750300678468,1.0,0.338171315495914
27,-0.485131687783236,0.0,-0.39126897993271065
28,3.964133967120855,1.0,-0.029559261508222877
29,0.4106707363968586,0.0,-0.003536405723010351
30,-0.8174492022444715,0.0,0.0401499113907513
31,3.6694435893201076,1.0,-0.40721403495831276
32,3.8814556134148903,1.0,-0.7155068445291749
33,3.9364345325700367,1.0,0.533127980651547
34,3.6474629780633023,1.0,-1.088630951365423
35,7.351969222411086,1.0,1.935447638119821
36,4.215485450734403,1.0,0.24809250543146125
37,4.688605345036482,1.0,1.2183906670728857
38,-2.497216309513432,0.0,-2.670360395910866
39,-0.26857051559554407,0.0,-0.554500731218438
40,3.9344021544259045,1.0,0.08008996873306987
41,0.21741551152594973,0.0,0.7034434082164586
42,-0.3228029048978829,0.0,-1.7317261380001425
43,4.925865763753549,1.0,0.8296554187848512
44,1.3355960979036166,0.0,1.230107431886309
45,1.3052411934214994,0.0,1.3027873090569078
46,4.4854385398225,1.0,0.12429568073585948
47,5.063345546214391,1.0,1.0891311942506194
48,0.4028060418050685,0.0,0.25351781091133807
49,2.275794791882957,1.0,-1.7977876879720027
50,4.377359392263974,1.0,1.1789928346905785
51,0.46335674320658315,0.0,1.5454147801156675
52,2.9068712972991877,1.0,-1.597906821612844
53,0.516318449825588,0.0,0.14279021065602743
54,5.557478745981493,1.0,2.2543797386772564
55,3.520340195787129,1.0,-0.7186094518358606
56,4.334024279008339,1.0,-0.10870838387371712
57,-1.1624451414692556,0.0,-0.21007957955166479
58,0.5929971541130827,0.0,0.4818148044566896
59,-0.015007064948846516,0.0,2.1718521501140224
60,1.235680721065573,0.0,0.9340900941302794
61,1.955277693348974,0.0,1.649297609179032
62,4.224014710756597,1.0,-0.30770710522913314
63,1.604306518343023,0.0,0.6161438263313305
64,1.000089835221072,0.0,-0.09813917868382557
65,4.314443998726573,1.0,0.24289323056419995
66,2.697995121423811,1.0,-2.030391713647628
67,3.695295046483283,1.0,-0.9061971507012552
68,2.8659351000551982,1.0,-0.664573770202524
69,-0.24669946001201803,0.0,-1.5436429481485585
70,0.06162091491389177,0.0,0.448794377377198
71,1.2765124272761015,0.0,2.014764393542366
72,0.5120440683605513,0.0,-0.3226150238775653
73,-0.33440836129650103,0.0,0.5210786015302409
74,7.3733985578068655,1.0,1.2465742681433194
75,-0.42145371255942554,0.0,-0.4019238387823568
76,0.7809817924167048,0.0,0.5379389138171273
77,0.7781529512227439,0.0,1.4702993202408707
78,6.038733528843837,1.0,1.7258297871192856
79,-0.8001680850317627,0.0,-1.2277775251778433
80,-2.057900877540929,0.0,1.4000611458672567
81,-0.9136212335945483,0.0,-1.0304150377489378
82,3.8518452108727,1.0,-0.03097607579787983
83,-0.9116787169626099,0.0,1.4944359895338382
84,1.8795184382194363,0.0,0.10242724685309376
85,3.2458502924008936,1.0,0.11988831823858212
86,-2.5922721330688017,0.0,-2.685541355828719
87,1.369709916388513,1.0,-3.1620532788989153
88,4.383066407660908,1.0,1.5754197353778763
89,0.7221594506801156,0.0,0.24391680952616404
90,3.780442730859952,1.0,-0.2801475700003285
91,-1.279900339214641,0.0,-0.203479282165522
92,5.2235012729770105,1.0,-0.43807572246413556
93,-1.9674046902664273,0.0,-1.0658207595103677
94,1.1505338530140086,0.0,0.13744615881678657
95,3.577978418801225,1.0,-0.36002720549002726
96,-1.0657745534053475,0.0,-0.712390528995213
97,4.396135547506603,1.0,1.8836189800652992
98,-0.8011206460151024,0.0,-0.6314689329674448
99,0.2479350782626633,0.0,0.8876021449187576
100,5.011299743850898,1.0,0.5026010374478068
101,2.924589814014284,1.0,-0.6404542974926055
102,-3.3715579553895854,0.0,-0.9710505329954265
103,-0.16302871089378557,0.0,-0.6107876343117967
104,4.283686649869116,1.0,-1.2114464110925762
105,0.7029191609942799,0.0,0.20552538340139678
106,3.3952127699883414,1.0,-0.9487699826263487
107,-0.3256891642707226,0.0,-0.250831939800719
108,4.361285062046228,1.0,0.5874524780205116
109,-0.9260861138265952,0.0,-0.7765219214768901
110,5.368447870497213,1.0,-0.3310173801139364
111,0.7078695861437321,0.0,1.0931831255844895
112,2.1374165527136437,1.0,-1.4520779449035737
113,3.162765227141222,1.0,-1.4079442961807487
114,-0.7021744611804093,0.0,0.5038630590524042
115,0.7925910912085019,0.0,-0.3471165838691297
116,4.768009684815339,1.0,1.5463256660331495
117,-1.1089324348964273,0.0,-0.5463974135382028
118,-0.8298550085469216,0.0,-0.7668902990893964
119,2.018303898235235,1.0,-1.0347087650120588
120,0.46625497246158665,0.0,0.8900350211254509
121,6.397796035305733,1.0,0.18998893870664824
122,0.8007594797012471,0.0,1.1297647223836629
123,0.36800367522792515,0.0,0.4695724695247578
124,1.4790824135456717,0.0,-0.6308092835806683
125,2.4378521792850503,1.0,-1.229110636150922
126,-0.21113689115037426,0.0,0.17413381753086243
127,2.8948451873664207,1.0,-1.9035353637019112
128,4.156404733429134,1.0,-1.131197661158548
129,2.4669388681400832,1.0,-0.7164250045939516
130,-0.11232431385476471,0.0,-0.8098279244347316
131,4.314087295006098,1.0,0.36049795516550437
132,5.972393731867569,1.0,1.3654167464047742
133,3.3961960077835833,1.0,0.01705769503668091
134,2.442448214242561,1.0,-1.203773043035214
135,4.985707102421148,1.0,0.19389994976751385
136,0.37677203091772826,0.0,0.7906891646089658
137,4.192161254879052,1.0,1.2451340639446753
138,5.531643885756633,1.0,0.7454633367767258
139,2.040530893431629,0.0,1.1708424542058733
140,0.24462646046470715,0.0,-0.8495110541855707
141,-0.08195065465759122,0.0,-0.904360608171028
142,2.538540983489696,1.0,0.6468273076194874
143,3.3884276675728113,1.0,-0.7989736595780808
144,5.033293254464988,1.0,-0.3957996756325757
145,4.265970188062123,1.0,-0.9605783944275448
146,4.009692515877105,1.0,-0.05700469541791961
147,3.538972624461597,1.0,-0.030875599737530866
148,2.449976802314679,1.0,-0.7224815274218086
149,6.016379197383894,1.0,0.43210079181941896
150,6.779458802516274,1.0,1.4779414489062483
151,4.165359784285121,1.0,1.1706211953012713
152,0.836852116698324,0.0,0.1258489500286402
153,-0.2792148368840912,0.0,0.8963914632901444
154,-1.6623472519482498,0.0,-1.2588594798034707
155,-0.09875973437361618,0.0,0.6167507549590512
156,1.193643787820366,0.0,1.6805319347289591
157,2.8275037294732788,1.0,-2.303435746118462
158,2.5472275214374878,0.0,1.3806166348363862
159,4.413006586826827,1.0,0.4533816389674633
160,1.8043865718748981,0.0,0.08675738618836094
161,1.2800267718425333,0.0,0.5675648403392786
162,-1.3779487410653142,0.0,-1.5062710745353811
163,6.9804362213288975,1.0,1.6155102892827822
164,1.7755045017412536,0.0,1.2459888017893077
165,5.178136212973319,1.0,0.23317221040960223
166,-0.391479680160633,0.0,-0.5150700995781661
167,3.1865468405214905,1.0,0.5322489481241864
168,1.7475118012748427,0.0,1.1417189699728059
169,-0.47043953501070246,0.0,0.1750209186190776
170,2.347160322475198,0.0,1.219141091109811
171,-1.0037966344533633,0.0,0.36957988816753246
172,2.149004437251583,1.0,-1.800732483525428
173,-1.878040952925029,0.0,-2.5373238968881506
174,5.360909865390184,1.0,0.9207034300331789
175,1.1764826398310302,0.0,0.15420294978018984
176,5.226008284300939,1.0,0.203604869084609
177,0.7290725457050082,0.0,0.12346711923637807
178,-2.803724059180349,0.0,-0.9756729874856174
179,2.1730719967575824,1.0,-1.1389237080999046
180,5.720368447402838,1.0,1.189829620146508
181,4.073239258739915,1.0,0.2268630482594501
182,0.9790598893781487,0.0,0.7862174948990039
183,-0.7578270745130256,0.0,-0.4994326183412663
184,4.542221611324742,1.0,-0.42326031781386514
185,4.101911826696102,1.0,-0.668620074021411
186,-1.4881013116162412,0.0,0.319631995626443
187,4.15858999997594,1.0,-0.23562381984088634
188,6.05120385968301,1.0,1.0859545954884637
189,-1.2167655690342005,0.0,0.06910694473864466
190,1.142640238909876,0.0,0.07041483270390592
191,-0.3313935432183944,0.0,0.7271203845122189
192,4.748504097160011,1.0,-0.7196642849757217
193,1.3922219276819072,0.0,0.027885111110881874
194,2.7309031775247483,0.0,1.496426446532235
195,5.0239466439905724,1.0,1.098666002595441
196,-0.166119660662981,0.0,-0.3497105735531535
197,3.799956162667574,1.0,0.6495423763948306
198,4.486779794247281,1.0,0.08594338071038944
199,6.024709830030294,1.0,2.144284114647684
200,3.3971884925404017,1.0,-0.42323255240896474
201,4.647692743380379,1.0,-0.3837381714528814
202,0.16455737574938645,0.0,0.08264184336979284
203,4.75581106502224,1.0,-1.0239567116341504
204,-0.36810286071796305,0.0,0.9106000356421372
205,-1.2701040768047416,0.0,-0.7676609222451646
206,0.447715052570901,0.0,1.1104330302679077
207,-1.0344330167631677,0.0,-1.1048311037220622
208,-1.1467597038851167,0.0,0.4829841980114403
209,2.7487830575354266,1.0,0.0008948393741023328
210,-1.821112384870473,0.0,-1.4265683957138942
211,3.3121358770933327,0.0,0.7515376775052248
212,0.26445638630965806,0.0,0.12101613066426176
213,0.14352233269687042,1.0,-1.1302398995907266
214,0.32143703520872013,0.0,-0.6792786275626768
215,4.511874613120559,1.0,0.4567564999276866
216,1.9406275633893852,1.0,-1.2353135566091678
217,0.8820206751591164,0.0,0.9261500358221582
218,0.331463964653399,0.0,1.7858531124272836
219,2.214716037457247,1.0,-2.31627106695961
220,3.336741249498413,1.0,-0.452935412750605
221,2.093205000912998,1.0,-0.45372652838642935
222,1.7363426215031348,1.0,-3.049331664099533
223,1.5862538995795212,0.0,0.501146383016809
224,-0.3361157019987149,0.0,1.5519173838512632
225,1.4635623527522228,0.0,0.1307118384244142
226,5.436746503540078,1.0,-0.8680602007467746
227,3.9864013570208727,1.0,-1.4831316377916075
228,0.33085853008488775,0.0,0.6256095313238744
229,0.2703203580682678,0.0,-0.936921801790638
230,4.753201999900661,1.0,0.8575106714244003
231,-0.7846507724680207,0.0,-2.1304634450755144
232,3.6929491705312176,1.0,-0.11209561766327303
233,-0.4984978150722337,0.0,-0.20239621989587908
234,-1.2344220027722181,0.0,0.06255496317275955
235,0.48463836142117656,0.0,0.32016277400923265
236,-1.3026613204922488,0.0,-1.9478350758798109
237,2.6517159481457835,1.0,-0.6738429188822046
238,-0.7439790721267746,0.0,-0.30252530088366136
239,5.130229600376276,1.0,2.351342069244467
240,0.727383325068971,0.0,0.37981393239797484
241,3.9478599998667354,1.0,1.6478525604896592
242,-0.16163467392469794,0.0,-0.8241608441834294
243,-3.0356466373846436,0.0,-0.4343743031377323
244,3.3674647007890024,1.0,-0.8614394276061378
245,-0.45478136128141144,0.0,0.1424035310235379
246,3.258954062218617,1.0,0.4102191595445651
247,2.75020707663998,1.0,0.9911860510244382
248,-2.073878343450505,0.0,-1.7988839886647703
249,3.998941391452968,1.0,-0.04365749977287305
250,3.847714028996991,1.0,-0.49647170272281627
251,1.3507400964042493,0.0,0.7619023456515363
252,4.973668747310069,1.0,1.3431430333778007
253,4.385669380725614,1.0,-0.7091817703478657
254,3.2935727984770953,1.0,-0.9902089125093476
255,0.5675670267990737,0.0,1.4288971287722545
256,7.397821116856045,1.0,0.43653044012511855
257,4.252369115524998,1.0,-0.38726024605406434
258,4.575023761141809,1.0,0.7053985322772449
259,3.974661149682157,1.0,-1.7037683009398714
260,3.394360738391295,1.0,-0.8377980291923323
261,2.5864059863867186,1.0,-1.6211664863798065
262,4.851712258231169,1.0,1.027163450611899
263,2.7229066728336964,1.0,-1.567847643449339
264,4.096050874412367,1.0,0.7308766082758223
265,4.105292200272874,1.0,2.5427614124462123
266,-1.525542330249297,0.0,-2.1366418565150016
267,3.5082376785215206,1.0,0.5187871395389317
268,-0.20577013070552944,0.0,0.020193645616779454
269,0.5746962818636785,0.0,-0.11256711000999116
270,0.011262574339414355,0.0,1.1988531454505207
271,7.604241111977229,1.0,2.401278832238795
272,4.708772683526006,1.0,1.197359805028386
273,-0.6782346206222775,0.0,-0.738548657440305
274,1.8291427680162817,1.0,-1.6121092345085497
275,5.6617934828450664,1.0,0.6030137429474316
276,0.864402886008177,0.0,0.146653278704676
277,4.519758144280133,1.0,-0.376268604170078
278,-0.20731444554093104,0.0,0.20275517975256588
279,6.8357773740655325,1.0,2.0049488446229433
280,4.918988362515465,1.0,-0.23507976558055768
281,3.931613809358507,1.0,-1.463892308799239
282,1.323356816527468,0.0,1.7855361607707658
283,3.366963658276457,1.0,0.7906624270852736
284,5.565434212884177,1.0,1.669992429313458
285,0.4585284177698513,0.0,-0.594328660304382
286,-0.6685858521605049,0.0,-1.3506933070752372
287,0.7970750673325275,0.0,2.261979398722696
288,3.580740917783107,1.0,-1.9468167296266723
289,4.132357064633249,1.0,-1.0718209347456882
290,-2.3153837144441143,0.0,-1.445157286179254
291,5.771741783640495,1.0,1.9801235749573083
292,3.1543877545874737,1.0,-0.9792346067648224
293,2.4659845015796398,1.0,0.04973166902650278
294,2.6461901340895846,1.0,-1.3110538189921632
295,4.433128906959477,1.0,0.1631497050211253
296,2.7393818265010133,1.0,-1.5346281044446026
297,6.041838003708496,1.0,0.4413321233698489
298,1.4832342353263783,0.0,0.38609667571634587
299,0.6183270704580539,0.0,-1.0210525759866753
300,3.604870817772283,1.0,0.5935586651006318
301,-1.3135099622647326,0.0,-0.672606685799223
302,3.9529183936379817,1.0,-0.818861052751465
303,1.7878472727110588,0.0,1.203348910926749
304,2.8386037617823203,1.0,0.19361897711153925
305,7.345466715351222,1.0,2.897614198575139
306,0.14756715060238268,0.0,0.03694484024636556
307,5.879434830092567,1.0,1.5099417977613614
308,-2.5480293793691424,0.0,-1.880385454329208
309,0.6771296516879004,0.0,0.22201110388729875
310,0.3403633687729649,0.0,1.158684081792418
311,3.5337823667343105,1.0,0.6042034470916193
312,-0.19356808915667545,0.0,0.6505468519866694
313,4.095704836407737,1.0,0.062490170442884456
314,4.4168213640524465,1.0,1.4578134157372427
315,0.005025204687490403,0.0,0.4584759120453938
316,0.34894906797180186,0.0,0.6890981043801073
317,-0.0357745043710736,0.0,0.4120270191735069
318,4.087739514389465,1.0,0.9877349037452059
319,2.761458588419585,1.0,-1.7625225799053874
320,1.5034052251540224,0.0,0.5076683099683522
321,1.8328964413055977,0.0,1.2559563417393846
322,3.1174579330800096,0.0,1.5084617924654882
323,-1.866692379605479,0.0,-0.08273819681059302
324,-0.9496729582620399,0.0,0.17243473936014564
325,0.884821218284454,0.0,0.7090644308761014
326,-0.7604630356911517,0.0,-2.2144661063227358
327,6.34134461498564,1.0,0.953040995914369
328,-1.2607448819207794,0.0,-1.4330745917578567
329,3.4983646002259174,1.0,-0.06730355061526072
330,0.038614538393734854,0.0,0.7937219176789413
331,0.6127935403568723,0.0,1.1098991483682954
332,3.645870726536918,1.0,-2.316272296280038
333,0.01251869470072231,0.0,2.0589437923834026
334,3.344766679801299,1.0,-0.12223217685559487
335,-0.3042072337190075,0.0,0.40913189499303365
336,4.300931301615844,1.0,0.9237787484465143
337,-1.628465050719957,0.0,-2.5338611940792575
338,1.34600859147735,0.0,1.0890939915515228
339,4.569528121780705,1.0,1.3017955987397212
340,3.4587576257876123,0.0,1.4219858382872905
341,0.0020242617045180267,0.0,-0.5353309633679221
342,1.7388620667632588,1.0,-1.3405277568967005
343,4.054999758729315,1.0,-0.9139607049486574
344,1.0584245398688208,0.0,2.365019523317446
345,1.503081119031981,0.0,2.303922077552905
346,5.19444602466431,1.0,0.399226350329278
347,-1.7611641617475517,0.0,-1.1340076395858074
348,0.9451624593091759,0.0,1.5404762655446071
349,4.436493847711214,1.0,-1.0696292427275549
350,3.0260867025938154,0.0,1.9349339685920193
351,4.560432180489444,1.0,-0.6581888481967624
352,1.4243197314556846,0.0,0.9149350084755089
353,3.6311379407247872,1.0,-0.24834549375496476
354,2.692538842368619,0.0,1.4483799639137278
355,5.259924821394837,1.0,0.7196673377963364
356,3.027209857164019,1.0,-1.128535555305724
357,3.9289314745382997,1.0,-0.9420426781496027
358,-0.2508112011631867,0.0,0.610611091370685
359,4.521406434241313,1.0,-1.044141150953792
360,1.2964459483865685,0.0,-1.4213505561803306
361,0.9052605412760277,0.0,-0.9311308307664816
362,0.9945470703397096,0.0,0.24307994196370117
363,2.5084410065259415,1.0,-1.5970956776626133
364,3.8407187124530116,1.0,-0.8975387947051141
365,2.879294742584549,1.0,-0.7430775849431147
366,0.08091470843118609,0.0,-0.002243978427182625
367,1.98257207339518,1.0,0.17521738047362534
368,0.7050971747584429,0.0,1.265809100278972
369,1.4381191608439663,0.0,1.2168343018906187
370,1.1086474082994895,1.0,-1.2409341603097523
371,1.4043321488542801,0.0,1.2080141710562973
372,0.5589518459467482,0.0,-0.33966579152608134
373,3.2109969964515264,1.0,-2.021723286248932
374,4.30667955873059,1.0,-0.41203263405518803
375,3.6331186742651598,1.0,-0.12152248738687485
376,3.734375341470395,1.0,0.6752379276967044
377,1.6328599291940378,1.0,-2.81383347569639
378,1.7940846228557454,0.0,-0.0024361274713098117
379,7.638873117655197,1.0,2.30093711451453
380,4.563130341285378,1.0,0.18440500809143157
381,2.6250196627747298,1.0,0.6791116020903996
382,0.054507604718269875,0.0,0.2962600951009054
383,2.226943280223912,1.0,-0.6679525764424666
384,3.479234802816025,1.0,-1.4941855650018414
385,0.9227357700686796,0.0,0.852464056519587
386,3.813104297021879,1.0,-0.707098911358292
387,6.032677970973775,1.0,1.179973156443287
388,-0.17209437177324705,0.0,0.10129380840346286
389,5.1725147977431,1.0,0.48609417901609947
390,1.123546720235269,0.0,0.5677157395602598
391,3.7123440008223154,1.0,1.2194432495012302
392,6.332999496595239,1.0,-1.0197706104340427
393,5.156348990448937,1.0,-0.2548284285878048
394,5.006458328595191,1.0,0.9722714020788433
395,4.320016523457112,1.0,-0.8672826445991073
396,2.293933521482216,1.0,-1.309934110984455
397,-2.5719633101105757,0.0,0.5870693309575146
398,5.237308676540966,1.0,1.0322238846529983
399,2.9531971392300003,1.0,0.13307050791462652
400,1.3162206933662801,1.0,-2.8809604396290176
401,2.120876919301163,1.0,-1.2941348704990399
402,3.814052000950411,1.0,-0.4152599806703031
403,3.4718986718417146,1.0,0.19524305600464012
404,2.50986787775064,1.0,-0.10100830304211961
405,3.349110702758347,1.0,0.6749558879186355
406,-2.4074800202168722,0.0,-1.0435033922130648
407,-0.5643283671839986,0.0,-0.021384118648291105
408,5.163397177998467,1.0,1.1682650340149376
409,5.467034457809493,1.0,0.86490929576737
410,5.111692208429746,1.0,0.9545263206594139
411,-0.9989289895572654,0.0,-0.8555807623758763
412,4.411634449953814,1.0,-0.5283152461666755
413,-1.6724876347212665,0.0,0.18063968956795395
414,0.763766925274892,0.0,2.0635511171483913
415,0.9110291057488167,1.0,-1.5333105727405087
416,5.355533712952308,1.0,1.089999307257991
417,1.2190528462450585,0.0,1.8702096851732128
418,-0.015991853107413023,0.0,0.384665744988963
419,0.442221510484329,0.0,1.074276083300992
420,5.1304713449848975,1.0,-0.6300633488875956
421,3.1729818080785437,1.0,-1.230267079333434
422,4.790171407304724,1.0,0.12015284582857519
423,0.11955794437203904,0.0,-0.30163812343320173
424,0.1831431108707552,0.0,-0.1301700296147295
425,3.239044105757327,1.0,1.214079867935414
426,0.5658737823279583,0.0,-0.11806348891130684
427,4.7794359941774225,1.0,0.7341244073649534
428,2.820387425727997,1.0,-0.3781700094126833
429,0.20985107584348128,1.0,-1.4787161639539135
430,4.628802166439966,1.0,-0.6748499428191238
431,2.8124581423089436,1.0,-1.6761969118399118
432,-2.1625891791925036,0.0,-0.6711314858963382
433,-0.5073928305395861,0.0,-1.453176622388518
434,1.5440386967243844,1.0,-2.3188617514247887
435,4.319625668989808,1.0,1.5779657823479352
436,-1.3921228248251887,0.0,1.506667415767273
437,-2.072545714272048,0.0,-1.646649953938918
438,-1.8432295264530287,0.0,-0.6321065868645224
439,5.184620011893965,1.0,0.921732542406926
440,5.157087897767356,1.0,0.9497148588282456
441,-1.8697626026030165,0.0,-0.9948405780696259
442,0.480415295637158,0.0,-0.5979075197530255
443,3.0675264700559373,1.0,-0.17189774253510184
444,-1.6912743873740395,0.0,-2.138512844940263
445,2.6366002125860866,1.0,0.7959248076446281
446,-0.3766680240492779,0.0,0.5971233435709519
447,1.6693945673512733,1.0,-1.541640951954551
448,4.94951744957367,1.0,-0.2703614587176986
449,3.46917082230941,1.0,-1.9552686622435995
450,4.831474276503275,1.0,0.13928652992397875
451,5.793437384601901,1.0,0.31681644897972194
452,0.8275952518000577,0.0,-0.7893310464391308
453,-2.3064702717194128,0.0,-0.7155667497705879
454,-0.9523159998836914,0.0,-1.0869307403015203
455,4.540952054843363,1.0,1.0880199430371233
456,4.322695321306628,1.0,0.3342168933614931
457,-1.1527525732042596,0.0,-0.3224514155332672
458,0.06393846250944346,0.0,0.7762445946710499
459,1.5431341831737202,1.0,-1.6227206790710513
460,4.515445704538291,1.0,0.1336093841501224
461,-1.0503689352935341,0.0,0.9002218302091723
462,-0.5685404867821855,0.0,-0.2902408513555796
463,-1.0765179196661165,0.0,0.47131724385757007
464,2.1201671803636235,1.0,-1.4139752235668592
465,1.633970537146561,1.0,-0.6029322766107587
466,4.352473139732633,1.0,0.20692315703439526
467,2.0531458329151917,0.0,0.8773658270251014
468,5.953339146855116,1.0,-0.023634661733736788
469,1.0133279778973185,1.0,-0.9800650714421949
470,5.959614030083642,1.0,0.689858995285302
471,1.1639307771081584,0.0,1.2709875500307184
472,3.6469861339364398,1.0,0.9172934263409361
473,-2.632135660161035,0.0,-2.502787089367335
474,-2.1644365709975335,0.0,-0.4420240227710661
475,-0.15590346442746036,0.0,0.011688886623698408
476,4.091172598366969,1.0,0.7096769006813602
477,3.581376522984395,1.0,-0.5869476179389297
478,1.003524908371382,0.0,-0.12189383995926172
479,4.78912897026283,1.0,0.11155726203392624
480,6.526936198446402,1.0,0.48641305868233115
481,1.9787618001399425,0.0,-0.2945968975523818
482,-0.516604865920121,0.0,-1.7544534303606263
483,-1.197375977332016,0.0,-0.15608091157463663
484,6.557731988424034,1.0,0.3860073787730615
485,3.8072621366616093,1.0,-0.37579662282754095
486,0.6405795373373359,0.0,0.9561708263987108
487,4.7384748627560995,1.0,1.3020593389003086
488,5.290651688395077,1.0,1.0337311646532916
489,2.2167790435520844,1.0,-1.081512686876434
490,5.876742270454784,1.0,1.1598010523965412
491,0.4864393214437266,1.0,-1.841229151900625
492,4.7051963944847675,1.0,1.1485139488621736
493,0.5652751552875523,0.0,0.4787466803976135
494,6.659084857286322,1.0,1.0095735776425938
495,1.4219507940682192,0.0,-0.05896913352484415
496,0.8700820929064093,0.0,1.323351153244252
497,2.9437308306784336,1.0,-0.5261818320068492
498,5.1160288664480476,1.0,-0.42449520306155886
499,-0.12516803393916992,0.0,-0.12389212277752237
500,5.560142503898455,1.0,2.158396527286536
501,4.133583105157644,1.0,0.7146319237617538
502,0.7689329014832051,0.0,-0.8336666418781029
503,-0.960010616705562,0.0,-0.9991212885006654
504,-1.300226091138912,0.0,-1.1556701580416635
505,4.0732602588010405,1.0,-1.1729682702784614
506,2.161010922874386,0.0,1.3752546731418218
507,-1.4454403317356226,0.0,-1.6644923571327512
508,1.5379371023655537,0.0,1.0164894020973383
509,5.877416978430663,1.0,1.3435259867140392
510,-1.9368423801965726,0.0,-1.3163024436379211
511,2.76786358685105,1.0,-1.7942498865446128
512,0.4886970360710257,0.0,0.5979328175867274
513,2.813074059986744,1.0,-1.477374005964059
514,0.5730923903399577,0.0,-0.8055435429856684
515,5.328261543841012,1.0,0.3234335607383477
516,2.281882608953965,1.0,-1.444745970527705
517,-0.1590883416594715,0.0,-0.7901390268949924
518,0.32680548891573336,0.0,-0.12188184777290961
519,3.6205022164792116,1.0,-0.3661409127629711
520,-1.3435140096546256,0.0,-2.2163688593181305
521,7.174377450388981,1.0,2.2270785810588962
522,6.018578043931997,1.0,2.5910780119077566
523,-0.6671069108728358,0.0,-1.2246901187244146
524,-0.22755398210244615,0.0,-0.8571916478397688
525,0.9410627896490957,0.0,1.5937236522317264
526,-0.8883320893563804,0.0,-0.8464574075466796
527,3.66510652509093,1.0,0.6324207849557932
528,-0.6792969097709226,0.0,-1.6216488686884432
529,3.9885567311194032,1.0,-1.0936164527256313
530,7.618854037588485,1.0,3.6894441937739098
531,-0.24564500606403095,0.0,-0.6358368447019335
532,1.5360381628088564,0.0,1.7391808339684522
533,5.061077573702184,1.0,-0.836641047951238
534,3.618252575094678,1.0,0.4958823440409999
535,4.378213521226875,1.0,-0.3774826522993875
536,3.900070018063534,1.0,0.711832016255008
537,1.2281361834404012,0.0,1.9622182927938316
538,1.9654414931461495,1.0,-2.5050620513146082
539,5.127972965645041,1.0,1.9610022332193788
540,0.4014065788964873,0.0,-0.35304768195267433
541,4.070890113400401,1.0,-0.47949389300189166
542,3.643273220686771,1.0,0.0715510574809616
543,3.822209473318556,1.0,-0.7676109309106632
544,0.015918979986176668,0.0,0.11677010727372596
545,-0.8703858315481898,0.0,-0.5036077884103365
546,-1.2606906633538923,0.0,-0.8009658483688747
547,3.958423879948111,1.0,0.37259486195581903
548,0.9774800142287864,0.0,0.028651172114835192
549,5.450140030455781,1.0,0.44044248278302683
550,3.6906121906535634,1.0,-1.0608880385667565
551,-0.1396762413017909,0.0,0.9614558540353642
552,5.4272266365126045,1.0,0.7033737237027099
553,4.90037368565516,1.0,0.08391033744530677
554,2.526013776556603,0.0,1.2471622267579787
555,-0.3717635306111315,0.0,0.2079972819264448
556,4.193363313481982,1.0,-1.5146154927671973
557,1.6184432323473632,0.0,0.789892544469304
558,2.261589537277729,0.0,2.028365714267775
559,-1.5957573810918617,0.0,-0.4093557024016007
560,1.3472297273376015,0.0,0.23424519841420688
561,-1.8360594168304871,0.0,-1.797251222698715
562,2.1850623174349604,1.0,-1.9157524054801147
563,2.8701430009956055,1.0,-1.0886811254862963
564,3.7402349201257885,1.0,-0.2194037675552611
565,3.344944125247121,1.0,-0.7423572814758748
566,1.1839175676861367,0.0,-0.7491229636258658
567,0.9268233354827726,0.0,-0.8395247200568966
568,5.901593732365456,1.0,2.085828955190285
569,3.245056399687925,1.0,-0.03709619747027453
570,3.979182744973727,1.0,0.1351319176681295
571,4.703700769110999,1.0,1.0324869577845486
572,0.5214586268721961,0.0,-2.0606892012018925
573,3.4871963136973734,1.0,-0.16314823123673194
574,1.5678424179292698,0.0,-0.4562988730549439
575,-1.4784632774356212,0.0,-0.7901603198246604
576,2.144867866079049,0.0,0.3767907785413637
577,3.6396933428459683,1.0,-0.28923087890454224
578,2.395692339344123,1.0,-0.4784766759603966
579,0.08383890369137714,0.0,1.677161379152407
580,-0.4198791073272936,0.0,1.38131579847025
581,-2.835846836764685,0.0,-2.542860054382326
582,5.60775263276215,1.0,0.11392805924241457
583,4.668886033542616,1.0,1.882951397083467
584,-0.1010079937380059,0.0,0.6214741612561345
585,0.593668298754779,0.0,0.22528488697052318
586,1.5345794609767625,1.0,-0.2295214555032486
587,-0.31346637037703484,0.0,-2.1429805471313452
588,5.559012382522569,1.0,1.7117211484119927
589,-2.6286669779493415,0.0,-1.925174255356982
590,1.747181628079582,0.0,2.3188827402357566
591,1.003860096787213,0.0,-0.25832566770332605
592,4.177464190246724,1.0,0.12196216817235758
593,4.756211312661754,1.0,0.4912333337935044
594,-1.0791241167926493,0.0,1.4874679782940727
595,1.9932554804060767,1.0,-0.0818081618585174
596,-0.3339808341086552,0.0,-2.0499963651839006
597,-1.1532302384549098,0.0,-1.2420144540537688
598,1.710831075463773,0.0,-0.18394121058878482
599,5.172887585843068,1.0,0.6049470470813589
600,3.4447445822808795,1.0,-0.19992311221115827
601,3.394744604197717,1.0,0.6848160704545712
602,1.6955565072362693,0.0,0.08017928692626447
603,1.5249689430343252,0.0,0.40505573860278915
604,4.497725649965334,1.0,-0.46485173247496114
605,-0.5431926115321164,0.0,-0.7020806893911389
606,-1.7286397252905998,0.0,-0.2843562779890811
607,0.715268931905179,0.0,1.1938897122141923
608,1.2969362465271472,1.0,-0.2544474840897275
609,3.094156466676629,1.0,-0.4509601060429305
610,-0.8903589464054299,0.0,0.2584849884120048
611,4.992911858727645,1.0,-0.0642884875045138
612,0.9589942182681066,0.0,-0.2532557021005666
613,-1.0678185186463687,0.0,-3.217221414691986
614,-0.5818686720910583,0.0,-0.9598628621300613
615,-1.8159940041802143,0.0,-2.2238032686458458
616,4.904627627476589,1.0,1.2784056386264477
617,0.3783313468688884,0.0,0.5285761745062317
618,0.10574103199215651,0.0,-0.002568922615791658
619,4.421562092320075,1.0,-1.4949646519035067
620,6.053946229799701,1.0,0.42809080756662043
621,-1.513736804016952,0.0,0.17982918558344105
622,6.3134416780420635,1.0,0.9695439866376675
623,2.45687961947974,1.0,-0.8444212734285762
624,-2.726753049438548,0.0,-1.0321835518654694
625,6.574488455447523,1.0,1.7460614358298001
626,3.530987608182324,1.0,0.1522138062613987
627,1.0315891011391607,0.0,0.46178260895412093
628,1.5103988242156727,1.0,-1.8541115214505992
629,-1.894461930421784,0.0,-0.971418984250849
630,0.20998233278294376,0.0,-1.1427833763519268
631,2.561472080063541,1.0,-0.9014343573905473
632,3.5411112795797632,1.0,-0.5589116182310562
633,4.570355131692232,1.0,-0.8989002467189001
634,-0.05787179287112319,0.0,0.13626264429959273
635,3.601742273212155,1.0,0.04486137269298948
636,0.8980598202786745,0.0,2.312404529027887
637,4.351169549343827,1.0,1.174588079242706
638,3.8454850924735475,1.0,0.30518853346105324
639,-0.3547595530001999,0.0,0.14765512741609538
640,5.227874567113641,1.0,-0.5853237631547661
641,0.4166082337888197,0.0,-0.6656510999691533
642,-0.922166888990944,0.0,-2.6435050419516632
643,-0.6186887693419487,0.0,-1.2924204660435232
644,-0.2285872247608099,0.0,0.37788926325928357
645,-1.7464946481926276,0.0,-3.105908423907162
646,2.8298102335178816,0.0,1.1268629496536295
647,-1.5219160602803117,0.0,0.20421112377538597
648,-0.6690310701833775,0.0,-0.42499008671719846
649,-0.3960070276852947,0.0,-1.4889510516821403
650,2.543169504505698,1.0,-1.010583105869283
651,-3.2185715929357928,0.0,-1.1146008123557025
652,7.000863457944594,1.0,1.216402077754705
653,3.1292840361554912,1.0,-1.0363200270652557
654,2.4630811247729065,0.0,1.3733908670248673
655,1.15427309835654,0.0,1.2511750865928237
656,1.2225298481432902,0.0,0.790203955754338
657,0.7217243553039784,0.0,0.18480252286822826
658,5.877705885788199,1.0,0.6349686203486336
659,4.690850000249829,1.0,1.2259622010951543
660,3.9351803809963797,1.0,0.8540362414482942
661,0.7508108404046991,0.0,0.9381599511696277
662,1.3299805323267413,0.0,0.7564602261095481
663,2.525779268449533,0.0,0.9987126025361366
664,3.669333817079971,1.0,-1.9684907288182993
665,-1.3271297319447104,0.0,-0.8342433275067326
666,4.70646465770068,1.0,0.048317489826690686
667,3.8047295642280066,1.0,-0.2961200026229353
668,0.6574929705935532,0.0,0.38621758658453414
669,6.037706932911694,1.0,2.677211964599586
670,3.727195206173551,1.0,-0.41823253936346577
671,1.791239703112454,0.0,2.300402368625197
672,1.442678120368167,1.0,0.6750397388011248
673,1.0396410675067145,1.0,-2.611946196198926
674,-1.2805181983422325,0.0,-0.9521115860736054
675,-1.8791010133636723,0.0,-0.6331104456706322
676,4.547638563719583,1.0,1.1840022029905888
677,5.235573160834312,1.0,1.1936209111257738
678,-2.340273802945169,0.0,-1.4303358138546456
679,-1.460297591580904,0.0,-0.9656556705574194
680,-0.5246097777456615,0.0,-1.6105172194701751
681,-1.143751253885715,0.0,-1.0963780649091814
682,1.5254085174042133,0.0,1.6249475503767663
683,4.468241599401611,1.0,0.2268961642243112
684,3.6526038010625768,1.0,1.0355734165894617
685,-0.3528816490390778,0.0,0.4375025479187894
686,-0.22613777735925056,0.0,1.005077298269405
687,5.3672345367825045,1.0,2.0526767777824584
688,-0.5394726732364268,0.0,-2.030444026280093
689,2.866552038103623,1.0,-0.18342030667556325
690,1.3505566878727944,0.0,0.5132216360044612
691,-1.1872659182650038,0.0,-1.7198567047070936
692,1.6945644989804198,1.0,-3.2555476326401065
693,1.6237397716343045,1.0,-0.6742071857869038
694,1.8825028751135504,0.0,0.6057640651835037
695,2.0140425896682874,0.0,1.43223283424411
696,0.20061860375795507,0.0,-0.005124709023194863
697,0.3337803930609219,0.0,1.622212177470651
698,0.7510963592779665,0.0,1.0218038832177665
699,3.751727373987186,1.0,-0.549340443498612
700,6.355695682173959,1.0,2.690986633304439
701,6.542372033570419,1.0,2.059709425873027
702,0.8804514557092864,0.0,1.3422218056453776
703,-0.402318647333893,0.0,-0.3785446574672875
704,6.720589536342482,1.0,2.61297406279474
705,-0.6633857236999068,0.0,-0.6131600120699264
706,3.144986062444325,1.0,-1.1355274016979944
707,4.450264252464168,1.0,1.2795066734282372
708,4.165187144692972,1.0,0.5740616221430667
709,5.445278910914217,1.0,0.468651083225865
710,3.207661044607038,1.0,-0.27373697030544536
711,5.224952724490781,1.0,0.4592638099517264
712,3.9133117345215167,1.0,-1.1811533228849969
713,6.841752279614118,1.0,3.752320338578291
714,4.280141959216008,1.0,0.610490459263152
715,-0.8573216586060439,0.0,-0.4618325249963994
716,1.1144055214446318,0.0,0.8140235947575577
717,-1.180457696605059,0.0,-0.9885299021920255
718,-0.8493869107270919,0.0,0.13835718418228926
719,-0.4924980833214363,0.0,-0.6622336356791824
720,0.3248659278645591,0.0,0.09698747728530334
721,0.3761032202872177,0.0,0.7040539512926752
722,3.1678953930051907,1.0,-0.09479803982861847
723,-1.0480891910408623,0.0,-1.8840348940936256
724,5.609402062702892,1.0,1.9360964633523623
725,-0.9686378829938808,0.0,-0.9303515339040369
726,1.4530249328808345,0.0,0.4491609288946368
727,3.999544966916794,1.0,-0.4824399259908004
728,3.4061898633344163,1.0,-0.12140063518182224
729,-1.2111094746224778,0.0,-1.7565598858685945
730,1.7027735408359135,0.0,0.8733403944525645
731,2.231690096520394,0.0,0.3710303700217219
732,1.9232384026962084,0.0,0.7574687500841022
733,3.0062461820654596,1.0,-0.010857848970305329
734,-1.1147003022999167,0.0,-0.272452377406438
735,0.37876399460064547,0.0,1.070435879769804
736,6.627596780763531,1.0,0.7637021398867548
737,-1.8294821167825508,0.0,-3.017499262024689
738,3.842489424898283,1.0,-0.28635689095636946
739,3.9499079792893284,1.0,0.43399128825560385
740,-2.7231061628066513,0.0,-2.0440398172606797
741,1.044275963568746,0.0,2.678810291044609
742,4.171312285286742,1.0,0.06923379966335651
743,-0.28862336447486237,0.0,1.6996075313635162
744,-2.2570058028855966,0.0,-1.55123214513116
745,0.7094114289367821,0.0,0.12813653419476503
746,3.1717861520127464,1.0,-1.0484339042273718
747,3.6902805622536046,1.0,-0.23842869153808907
748,5.084166301599746,1.0,0.12688041475165882
749,2.0217115167141744,1.0,-0.9357812662401374
750,-0.1319731104731905,0.0,-1.685892133133377
751,0.21831855295568936,0.0,0.6063530275019476
752,-1.2905402951229314,0.0,0.7763342250338672
753,4.2136263177262165,1.0,0.12945494860046863
754,4.703462643786291,1.0,1.7289122495569207
755,-0.6129064574704703,0.0,-1.064283944597173
756,3.003437175009237,1.0,0.735439698090623
757,4.841036629887646,1.0,-0.040804322048260414
758,-1.0080072190368612,0.0,0.07781164887744763
759,3.2690932178863106,1.0,-0.5757661443908877
760,4.1694222809393855,1.0,-1.0574835439400418
761,-1.329917293552387,0.0,-1.9888222355793013
762,-0.705042408913402,0.0,0.10424553834012683
763,-3.0371577644300327,0.0,-0.8246741898745183
764,4.4693460779806236,1.0,0.9366670987714137
765,2.3528532637920145,0.0,0.12337555098315993
766,4.567028834174932,1.0,0.449196788766435
767,-1.4680522332869133,0.0,-1.2737386464687932
768,0.7564783167377436,1.0,-1.3656587175160044
769,-0.4997136675498709,0.0,0.7300386953546172
770,0.038546143754519396,0.0,-0.2893941048989051
771,4.311515601313551,1.0,-0.35426758886384974
772,0.5499295509382113,0.0,-0.19020437822706665
773,5.126517745341567,1.0,-0.8153579474292816
774,5.266408276140073,1.0,0.20899312245017287
775,-2.185629917246567,0.0,-0.8348219894747613
776,3.6516063381753394,0.0,1.9529683209648883
777,0.027268765373435134,0.0,0.017549258123281238
778,5.292870206249005,1.0,1.4791974023536971
779,0.377730958581582,0.0,-2.260724463420664
780,3.291701466929815,1.0,-1.000493340111586
781,5.389472116124299,1.0,-0.004888728510494174
782,0.8830541444919202,0.0,0.7837002908211619
783,-0.648785335016997,0.0,0.6875509625659559
784,-0.7943515484130348,0.0,1.1123540823503055
785,2.318064885404387,1.0,-0.5091625893118682
786,2.8986177737881076,1.0,-0.6771905678985529
787,2.442767205941465,1.0,-0.32330179226477734
788,-0.5101634026994264,0.0,-1.235997356135422
789,-0.06641081654865616,0.0,0.2024875107344826
790,3.4592791742135174,1.0,-0.633392971382192
791,5.064124034222683,1.0,1.0683995300965736
792,0.9465305574260686,0.0,-0.18335437930547435
793,-0.03104349817478322,0.0,-0.16231185044095497
794,-2.4916383402751303,0.0,-1.9355121457547388
795,5.295077847677956,1.0,0.8827635430390255
796,-1.642621577606294,0.0,0.3320853978748769
797,0.642531054434168,0.0,0.29855811373718316
798,6.445035558645537,1.0,2.4328149062211284
799,0.5859817535155301,0.0,1.492945894106576
800,5.137683771213131,1.0,2.33317255283171
801,3.8831699991255118,1.0,-0.36314387732161807
802,6.160673282226812,1.0,0.6267218020302844
803,-1.0435087690565688,0.0,-0.4930025654848031
804,0.11601736693160225,1.0,-0.056131072236053244
805,4.519748569046645,1.0,0.1777822418668977
806,1.3717501265249044,0.0,1.0761863423368165
807,5.803463337784953,1.0,0.7181433151465607
808,0.7923189745779804,0.0,-0.1957045929705159
809,5.0567574900664285,1.0,0.4509316866545398
810,5.199014446714857,1.0,1.7425601752603361
811,2.892494448406599,1.0,-0.15946687911952026
812,-1.62416451980671,0.0,-1.8156106899831386
813,-0.7730109932887633,0.0,0.41710159464666924
814,-1.9677229413576653,0.0,-1.1438875845074576
815,2.80125219881535,0.0,1.8609219803768977
816,1.9488142980090002,0.0,0.8489205493961519
817,3.266801997477915,1.0,-0.8050205747027595
818,6.109527182331085,1.0,0.3388883285146929
819,3.2013672280611565,1.0,-1.5628798750841915
820,1.5790294386270545,1.0,-0.5572794079175132
821,0.10930002505007175,0.0,-1.910248367555904
822,0.16978020509244962,0.0,1.0817372379119488
823,-0.559392989455954,0.0,-0.13275191617368634
824,1.8636257425825198,0.0,0.12259594869257724
825,4.481263527565879,1.0,1.0521592082814477
826,3.1395389563334755,1.0,-1.8922676385501673
827,-0.10980589862456192,0.0,0.5999266951834625
828,-1.0159243047301496,0.0,-1.0290375185872689
829,7.36252936201856,1.0,1.894228252572556
830,4.726511762705317,1.0,0.7829958221846463
831,0.5519142714191848,0.0,-0.014056335280757584
832,1.1868542471852987,1.0,-2.3637645183476934
833,-0.7148567537368605,0.0,-0.848216723785429
834,5.456186576667983,1.0,1.4297880888159957
835,3.277241479658233,1.0,-0.9001136077572499
836,1.4212602766486087,0.0,0.5231338441192774
837,5.674111195215205,1.0,2.2905501476096215
838,2.9369857485809243,1.0,-1.2979373081955532
839,3.8926667526675507,1.0,0.664203544292658
840,0.3050886730433973,0.0,0.9447532231778331
841,5.046556078106656,1.0,-0.25807906117798735
842,-0.9231399570087362,0.0,-0.6096196381396155
843,5.338754788858402,1.0,0.11229152021303551
844,-0.3638503837624316,0.0,-1.9326768596915103
845,3.0925596182093558,1.0,-0.9634013455390205
846,0.5918997632475895,0.0,0.9704015092960575
847,4.397385485391126,1.0,-1.1521961360909025
848,-1.3802977837265633,0.0,-1.007113092201605
849,0.8228306377928856,0.0,0.6452216765223774
850,1.3656608756647168,0.0,0.8294347768919491
851,-0.24567301118733975,0.0,-1.5321548198967412
852,3.477975492539053,1.0,-1.8710115747671314
853,1.7203926366868234,0.0,0.11773442788234656
854,1.723594186011105,0.0,2.2135934981570187
855,1.78000320994547,0.0,0.8219757341835959
856,3.22243207279832,1.0,-1.0690930204391254
857,4.7126062482004905,1.0,-0.5214350877441395
858,5.414803781848467,1.0,0.39442944486723863
859,-0.975151791228228,0.0,-1.114555469219202
860,2.188016612337366,0.0,1.9972644874563694
861,3.738725785963751,1.0,0.8485248588105113
862,-1.573767729906924,0.0,-1.3514229419043828
863,0.731361925721796,0.0,-0.4372403380048998
864,-0.01849658096148591,0.0,-0.07134700693909801
865,1.7708225896325271,1.0,-0.15876465223261726
866,4.903681291031168,1.0,-0.37114295591284296
867,-2.6872310050252377,0.0,-2.7727482468814304
868,5.016760697778304,1.0,0.7276817781154077
869,-0.9765625533932627,0.0,0.3293170234082421
870,5.7077493990537205,1.0,0.9428927456321944
871,3.6345692800058287,1.0,-0.5673822363276733
872,-0.6780914583289449,0.0,0.18718868169322625
873,4.8711500364045985,1.0,1.9272902844896618
874,2.8304211117969813,1.0,-1.2459991984477228
875,-2.286710572446016,0.0,0.12404127269305543
876,1.3891473398846457,0.0,1.1372475728634424
877,2.127455874612777,0.0,0.48900223618597943
878,0.6574479834846706,0.0,0.7143300563691851
879,2.6264984888679273,1.0,-0.18405048326178902
880,3.24992076738428,1.0,-0.23863145353056384
881,5.296849330656993,1.0,2.231949961832224
882,0.7545039823359003,0.0,1.3584204138690144
883,0.17640972561896223,0.0,0.4495688400348805
884,4.571985062323224,1.0,0.5670079356776357
885,-1.8426484624532482,0.0,0.3515651078998965
886,5.081640965571418,1.0,1.8932352490080535
887,4.740577437290517,1.0,1.8746772033200885
888,3.7377306719924333,1.0,1.0283356934852639
889,3.1217110245274817,0.0,1.8709583289166198
890,1.6854333560713388,0.0,1.086308627729643
891,-2.3280177402437805,0.0,-1.2782234942063724
892,-1.1992255836854393,0.0,-0.9831509915810827
893,-1.5189904763217656,0.0,-0.6654725561245808
894,3.581639200139107,1.0,0.2092730908502673
895,0.11659583706532876,0.0,0.19686055647636305
896,2.2280365830952666,0.0,1.4273718563604678
897,3.7968007838240534,1.0,0.33964958348053925
898,-2.1557638569623627,0.0,-1.0719523481224262
899,0.32780807771418136,0.0,0.0005714254524559305
900,6.247728791709697,1.0,0.8616225448758019
901,1.7365179425044914,0.0,1.3682214948851468
902,3.071980274333272,1.0,-0.36703568538171133
903,-0.00847349973782796,0.0,0.9289185531953821
904,0.00731028582919338,0.0,0.17932012858586255
905,6.263923931877073,1.0,0.6998569079126215
906,4.619780463565252,1.0,0.25437837160628657
907,4.187160968203245,1.0,0.9641989558533216
908,4.152319280808454,1.0,0.3260370801141667
909,-1.1435199489354573,0.0,-0.7032071931589479
910,5.127461997019905,1.0,1.4124106227630495
911,2.9519406755998348,0.0,1.5717262176319469
912,2.2306282766662813,1.0,-0.0834890294730205
913,-2.3318596968145853,0.0,-1.1865186553577318
914,1.7760102167163179,1.0,-2.454614456810411
915,4.554670524895606,1.0,0.09713584364550125
916,4.287840159584531,1.0,-2.6913568463876296
917,2.788210044558502,1.0,-0.7542235160640897
918,1.0668949341728282,0.0,0.3565397442185528
919,0.011709910615293861,0.0,0.15652033291197517
920,7.553674034382551,1.0,1.1127008778702425
921,0.27855615724636373,0.0,1.8886514986003093
922,3.2111805444857864,1.0,0.8998398233769509
923,0.5392072982615024,0.0,0.5669208140501332
924,-0.4911103823689063,0.0,-0.0217035792899585
925,5.361788937019213,1.0,1.2970533211892952
926,-2.479590601438855,0.0,-1.5037216584074946
927,0.3981300796327716,0.0,1.2443587700297205
928,0.07293261708131095,0.0,0.08721173886969924
929,2.141996351743582,1.0,-1.9687670826563985
930,3.3099831661756314,1.0,-1.5208558775688632
931,3.672362614238336,1.0,-1.2527439422658333
932,-0.29681571243822025,0.0,-0.8926626208794487
933,4.749190102245379,1.0,0.9638013630370676
934,0.5904461620485482,0.0,-1.9403108814201748
935,-1.8296124760898578,0.0,-1.1808547785463133
936,2.541994762071622,1.0,-0.14560512768339756
937,2.1582227151032116,0.0,2.102258574861813
938,4.221908236129364,1.0,-0.11180046442685426
939,3.716525147305072,1.0,-1.2606950757125168
940,3.974989920422511,1.0,-0.5214384935258914
941,2.7465833356083404,1.0,0.2504781003131663
942,4.893063359550225,1.0,1.1330188199563533
943,-1.7975122560732189,0.0,0.024537905243552396
944,2.924086796394482,0.0,2.062148030900339
945,4.883737535373525,1.0,0.027194286638704407
946,-0.513244604058468,0.0,-0.4895306484626084
947,4.728145176466464,1.0,-1.0887121155323425
948,4.073943195990011,1.0,0.026085468290017875
949,3.6792317827710987,1.0,0.5183453844083233
950,0.0874079480319227,0.0,0.5357423164672821
951,0.4736768253566545,0.0,0.5831042360219673
952,-1.4237552056240639,0.0,1.4160618927042112
953,-0.5257007852698861,0.0,1.0123177520340647
954,7.528284154926862,1.0,2.2788259793315078
955,0.2987585661064325,0.0,-1.4949672528184648
956,-0.9299874833054618,0.0,0.21453430885626393
957,3.392714020807438,1.0,-0.905482122036602
958,2.7948760386285922,1.0,-0.3882782206807133
959,2.4370209438952832,0.0,3.9790653255390227
960,-0.3235792019520485,0.0,1.1486999006307157
961,4.13711630219747,1.0,-0.16986785918713798
962,3.8725742241277508,1.0,0.3262739664507486
963,2.6299543956775877,0.0,2.1564225503041534
964,3.5778185924466315,1.0,-1.0017075842792336
965,5.796189900081696,1.0,-0.23525742773474267
966,3.1337717204886992,1.0,-0.5454596605416155
967,3.211147224965503,1.0,0.43080509762955077
968,2.6739950538737065,1.0,-1.5132823294309923
969,-2.599124555690575,0.0,-1.638398019668545
970,3.9812823764866283,1.0,-0.6643968973672134
971,-0.2586984238518458,0.0,-1.345789741292887
972,3.2957537245639625,1.0,1.624232976512975
973,2.214369504355384,1.0,-1.2236581100583854
974,-2.2084309325092915,0.0,-1.44523963632109
975,-0.8314034348887381,0.0,-1.0454842981427241
976,2.834429706510363,1.0,-0.3535277393655631
977,-3.93525375330264,0.0,-1.905344603112834
978,4.466905575155847,1.0,-1.1026002105492638
979,5.856245861888105,1.0,0.856954617025917
980,1.1987183766103238,0.0,-0.9585832063583718
981,5.3110529789071625,1.0,1.6268749808191059
982,-0.1841344192829509,0.0,-0.45552070672519895
983,-1.5436249194884992,0.0,-1.323120127968037
984,3.8185060501626116,1.0,-0.049846140952338774
985,2.010306997887888,0.0,0.8944766359779327
986,3.790621852959628,1.0,-1.2544961852858967
987,3.912073458752661,1.0,-0.49417162389691865
988,-0.0981144808024324,0.0,0.36982751459596436
989,0.6689681850344915,0.0,2.071700234254876
990,-3.56594459164973,0.0,-2.494720771134308
991,-0.6792231482334166,0.0,-0.8755507177086073
992,2.792897128024598,0.0,0.9442607566109655
993,-0.26265270600948126,0.0,-0.07566421540311104
994,2.096672819141024,0.0,0.8076474705135146
995,1.8373733996838175,1.0,-1.0562014122818455
996,-1.3821342231265128,0.0,0.0549404622094945
997,-1.8326103444032829,0.0,-0.5655807090181363
998,-1.1967528158381897,0.0,-1.9196276480043075
999,3.023434626458519,1.0,-0.7345487125956704
